chapter,question_id,question,A,B,C,answer
1,1,"Según el capítulo, ¿qué describe mejor a la Biblia y cuántos libros contiene en el Antiguo y Nuevo Testamento?",Es una biblioteca de libros: 39 en el Antiguo Testamento y 27 en el Nuevo Testamento.,Es un solo libro escrito por un único autor: 27 en el Antiguo Testamento y 39 en el Nuevo Testamento.,Es una colección de tradiciones orales sin libros definidos: 50 en el Antiguo Testamento y 16 en el Nuevo Testamento.,A
1,2,¿Cuál de las siguientes opciones refleja la variedad de material literario que el capítulo menciona que aparece en la Biblia?,Solo mitos y fábulas modernas escritas en lenguaje científico.,"Narraciones, leyes, instrucciones para rituales, poesías/cantos, sermones, profecías, dichos sapienciales, parábolas, cartas y genealogías.","Únicamente poemas y canciones, sin relatos históricos ni cartas.",B
1,3,¿Cuál opción resume correctamente el marco temporal y el proceso de compilación descritos en el capítulo?,Escrita completa en una sola generación durante el siglo I d. C.,"Desde el siglo V a. C. hasta el siglo V d. C., compilada en unos 200 años.","Desde la época de Moisés (siglo XV a. C.) hasta fines del siglo I d. C., compilada a lo largo de aproximadamente 1.600 años.",C
1,4,"Según el capítulo, ¿qué se destaca como sorprendente respecto de los libros bíblicos, pese a su diversidad de autores y épocas?",Que no guardan relación entre sí y se contradicen deliberadamente.,Que fueron escritos necesariamente en el mismo orden en que aparecen hoy.,Que desarrollan temas comunes con una unidad total a lo largo del tiempo.,C
1,5,"Al revisar de manera general la Biblia, ¿qué se observa como el hilo conductor que la unifica en su totalidad?",El desarrollo gradual del plan o propósito de Dios para anular los efectos del pecado humano y establecer una nueva creación.,Un registro político que explica solamente el origen de Israel como nación.,"Una colección de enseñanzas morales desconectadas entre sí, sin un propósito global.",A
1,6,"Según el capítulo, otra forma de describir el proceso del plan de salvación es hablar de:",La sustitución completa del Antiguo Testamento por libros modernos.,El establecimiento del “reino de Dios”.,La eliminación de toda cultura y literatura antigua.,B
1,7,¿Con qué se dice que el plan de salvación llega a su culminación y cumplimiento?,Con el cautiverio babilónico.,Con el ministerio de Jesucristo.,Con el reinado de Salomón.,B
1,8,"En el “gráfico simple” del mensaje bíblico, ¿cuál es el orden que mejor representa las etapas presentadas?",Caída → Creación → Reino de Dios → Nueva creación → Difusión del evangelio → Salvación.,Reino de Dios → Nueva creación → Caída → Creación → Salvación → Difusión.,Creación → Caída → Salvación en la historia → Difusión del evangelio → Reino de Dios → Nueva creación.,C
1,9,"Según la unidad, ¿cuál es la división más evidente dentro de la Biblia que el curso busca explorar en su relación?",Entre el libro de Génesis y el libro de Apocalipsis solamente.,Entre el Antiguo Testamento y el Nuevo Testamento.,Entre los libros poéticos y los libros históricos únicamente.,B
1,10,"Según el capítulo, el orden de libros del Antiguo Testamento en muchas Biblias (Génesis a Ester; Job a Cantar; Isaías a Malaquías) sigue:",El orden original hebreo sin ninguna variante.,Un orden moderno definido por editores del siglo XX.,El orden de la traducción griega llamada Septuaginta.,C
1,11,¿Qué afirma el capítulo sobre la Septuaginta?,"Es una traducción griega del Antiguo Testamento hecha a partir del hebreo, iniciada en el siglo III a. C.",Es una traducción latina del Nuevo Testamento escrita en el siglo I d. C.,Es un comentario rabínico medieval que reemplaza el texto bíblico.,A
1,12,"Según el capítulo, el orden hebreo del Antiguo Testamento es útil porque:",Elimina la necesidad de leer los profetas y los escritos.,Muestra el significado de las diferentes partes y cómo se relacionan entre sí.,Evita toda referencia histórica y se enfoca solo en poesía.,B
1,13,¿Cuáles son las tres partes principales del Antiguo Testamento en el orden hebreo que presenta el capítulo?,"La tradición oral, los concilios y los credos.","Los Evangelios, Hechos y Apocalipsis.","La Ley, los Profetas y los Escritos.",C
1,14,"Según el capítulo, los primeros cinco libros fueron llamados por los judíos “la Ley” y también se les llamó:",La Septuaginta (“setenta traductores”).,El Pentateuco (“cinco rollos”).,El Talmud (“comentarios”).,B
1,15,"Según el capítulo, cuando los judíos hablaban de “la Ley” (Torá), no se referían solo a reglas, sino también a:",La enseñanza básica de Dios mediante la cual se entiende el resto de la Biblia.,Una lista de calendarios agrícolas sin relación con la fe.,Un registro de proverbios exclusivamente para la vida cotidiana.,A
1,16,¿Cuál de las siguientes ideas aparece en el breve resumen de “la Ley” que ofrece el capítulo?,La vida pública de Jesús y las cartas de Pablo.,La historia de la iglesia durante la Edad Media.,"Creación, rebelión humana y llamado de Abraham para traer bendición a todas las naciones.",C
1,17,"Según el capítulo, ¿por qué a Josué, Jueces, 1–2 Samuel y 1–2 Reyes se les llama “los Profetas Anteriores”?",Porque presentan la historia desde el punto de vista de Dios y resaltan la importancia de los profetas en el plan divino.,Porque fueron escritos después del exilio y son totalmente apocalípticos.,Porque narran únicamente conquistas militares con fechas exactas.,A
1,18,"Según el capítulo, ¿qué enseñanza especial destacan 1 y 2 Samuel respecto del gobierno de Dios sobre su pueblo?",Que depende de la fuerza militar de Israel para mantenerse.,"Que está ligado a los reyes descendientes de David (p. ej., 2 Samuel 7:12-16).",Que no tiene relación con ninguna promesa previa.,B
1,19,¿Qué evento señala el capítulo como el juicio de Dios sobre el reino del norte (10 tribus) por su rebelión?,La conquista asiria y el exilio del año 722 a. C.,La destrucción de Jerusalén por Roma en el año 70 d. C.,La división del reino en el año 922 a. C. como exilio definitivo.,A
1,20,"Según el capítulo, ¿qué ocurrió con Judá (reino del sur) y desde cuándo comenzó su exilio a Babilonia?",No fue exiliado; permaneció siempre en la tierra sin interrupción.,"Fue exiliado en varias etapas a partir del año 597 a. C., por su continua rebelión.","Fue exiliado en una sola etapa en el año 722 a. C., por los asirios.",B
1,21,"Según el capítulo, los “Profetas Posteriores” se ocupan principalmente de:",Relatar genealogías y leyes rituales sin referencia al exilio.,Narrar la vida y milagros de Jesús en Galilea.,"Aclarar la razón del juicio divino y revelar los planes de Dios para el futuro, antes/durante/después del cautiverio.",C
1,22,"Según el capítulo, ¿qué esperan los profetas para el futuro del pueblo de Dios tras el exilio?",La desaparición definitiva del pueblo de Dios sin esperanza futura.,"Un rescate y restablecimiento, asociado al envío de un rey del linaje de David (el Mesías) y al reino de Dios.",La sustitución de Israel por un imperio político humano.,B
1,23,"Según el capítulo, ¿qué caracteriza a la “literatura sapiencial” dentro de los Escritos?",Que se compone solo de crónicas militares y listas de reyes.,Que contiene exclusivamente profecías sobre el fin del mundo.,"Que trata temas de importancia universal (p. ej., sufrimiento, amistad, amor, sabiduría) y está menos ligada a circunstancias históricas específicas.",C
1,24,"Según el capítulo, los documentos del Nuevo Testamento pueden dividirse en dos grupos principales:",La Ley y los Profetas.,Los Evangelios y otros escritos apostólicos.,Poesía y libros históricos.,B
1,25,"Según el capítulo, ¿cuál afirmación resume mejor lo que sostiene la Biblia acerca de sí misma (OT y NT)?",La Biblia niega toda idea de inspiración divina y es solo literatura religiosa.,"Solo algunas partes son inspiradas, y el resto carece de autoridad.","Jesús y los apóstoles consideraban inspirado el Antiguo Testamento, y los cristianos reconocieron pronto autoridad similar en los escritos del Nuevo Testamento.",C
2,1,"Según el capítulo, ¿cómo describe Génesis 1 la obra creativa de Dios en contraste con una “creación” humana común?","Dios crea “los cielos y la tierra” sin materiales ya existentes, por su orden específica.","Dios solo reorganiza materiales preexistentes, como un artista que pinta un cuadro.","Dios delega la creación en ángeles, sin intervenir mediante su palabra.",A
2,2,¿Qué repetición en Génesis 1 enfatiza el absoluto control de Dios sobre la creación?,“Y dijo Dios... y fue así.”,“Y temió el hombre...”,“Y discutieron las naciones...”,A
2,3,La frase “y vio Dios que era bueno” sugiere principalmente que:,la creación cumple con los buenos propósitos de Dios en cada etapa.,la creación es buena solo cuando el ser humano la controla sin límites.,"Dios no tiene propósitos definidos, sino que improvisa en cada día de la creación.",A
2,4,"Según el capítulo, ¿qué muestra el hecho de que Dios nombre ciertas cosas y les atribuya funciones específicas?",Que la creación tiene propósito y orden según la voluntad de Dios.,Que los nombres son irrelevantes y solo decorativos.,Que el ser humano puede redefinir libremente el sentido de la creación.,A
2,5,"De acuerdo con el capítulo, ¿cuál es la tarea de la humanidad como “imagen” y “semejanza” de Dios?","Gobernar la creación como representantes de Dios, sin abuso, según su voluntad.","Hacer uso o abuso de la creación a gusto, porque el mundo pertenece al ser humano.","Vivir aislados del resto de la creación, sin responsabilidad sobre ella.",A
2,6,"En la narración del huerto del Edén, ¿qué verbos ilustran el sentido correcto del dominio humano sobre la creación?",“Labrar” y “guardar”.,“Conquistar” y “destruir”.,“Ignorar” y “abandonar”.,A
2,7,"Según el capítulo, el “reposo” de Dios (Gn 2:1-3) NO significa que Dios esté:",inactivo.,culminando su obra creativa y marcando un día de bendición y veneración.,enseñando que el sentido de la vida no se reduce al trabajo y al disfrute de la creación.,A
2,8,"El propósito de Dios al crearnos, según el capítulo, se relaciona con:","gozar de una relación intacta con Dios, representada por el “reposo”.",buscar significado solo en el esfuerzo laboral y en los beneficios materiales.,independizarnos de Dios para lograr una existencia coherente y satisfactoria.,A
2,9,"En Génesis 2:16-17, la orden de Dios se presenta en el capítulo como:","una palabra de misericordia y advertencia, buena y proveniente del amoroso Creador.",una restricción arbitraria que no tiene relación con el bien humano.,una sugerencia opcional sin consecuencias.,A
2,10,"Según el capítulo, buscar el conocimiento “del bien y del mal” implica principalmente:",intentar igualarse a Dios.,aprender oficios prácticos para administrar el huerto.,adquirir información científica neutral sobre la naturaleza.,A
2,11,"La consecuencia inmediata de la caída, según el capítulo, fue:","el rompimiento de las relaciones: con Dios, entre humanos y con la creación.",la eliminación total del pecado del corazón humano.,la restauración automática del reposo perfecto con Dios.,A
2,12,"Según el capítulo, ¿por qué se dice que Adán pecó “con los ojos abiertos”?",Porque recibió la orden de Dios (2:16-17) y aun así desobedeció.,Porque no escuchó la orden de Dios y actuó por ignorancia.,Porque la serpiente no tuvo ninguna participación en la tentación.,A
2,13,¿Qué expresa la sentencia de Génesis 3:22-24 según el capítulo?,"Expulsión del huerto y exclusión del árbol de la vida, dejando un futuro de dolor y muerte.",Acceso ilimitado a la vida eterna en el huerto.,Que el juicio de Dios fue simbólico y sin consecuencias reales.,A
2,14,"Después de la caída, ¿qué ocurre con el gozo por las diferencias entre hombre y mujer, según el capítulo?",Es reemplazado por dolor y conflictos en la relación.,Se intensifica sin ninguna mezcla de sufrimiento.,Deja de existir toda relación humana y no hay matrimonio.,A
2,15,El capítulo resume un patrón en Génesis 1–11 que puede describirse como:,pecado → juicio → misericordia.,progreso → prosperidad → perfección.,silencio → duda → olvido.,A
2,16,¿Cuál ejemplo usa el capítulo para mostrar el rompimiento completo de las relaciones humanas tras la caída?,Caín mata a su hermano Abel.,Israel construye el templo de Jerusalén.,David derrota a Goliat.,A
2,17,"Según el capítulo, la frase de Gn 3:17-19 indica que el dominio humano sobre la creación sería:","deteriorado, convirtiendo la vida en lucha contra el ambiente y conduciendo a la muerte.",perfecto e inalterable a pesar del pecado.,"irrelevante, porque el ser humano ya no interactuaría con la creación.",A
2,18,"En el juicio del diluvio, el capítulo describe la inundación como:",semejante a una inversión del proceso de la creación.,una ceremonia simbólica sin alcance universal.,una historia sin relación con el tema del pecado y del juicio.,A
2,19,"¿Qué muestra la decisión de Dios de salvar a Noé, su familia y animales en el arca?",El compromiso permanente de Dios con su creación a pesar del pecado.,Que Dios abandonó definitivamente la creación.,Que el pecado había desaparecido por completo de la humanidad.,A
2,20,"Después del diluvio, Dios ofrece a la humanidad:",un nuevo comienzo en una creación renovada y promete no repetir un diluvio semejante.,la eliminación de toda responsabilidad humana sobre la creación.,la abolición de la multiplicación humana y del dominio sobre la tierra.,A
2,21,"En la historia de la torre de Babel, ¿qué revela la frase “y hagámonos un nombre”?",La arrogante presunción humana de construir una vida coherente dejando a Dios fuera.,La obediencia humilde a la palabra de Dios.,Un acto de adoración a Dios ordenado por los profetas.,A
2,22,"Según el capítulo, ¿cuál fue la respuesta de Dios en Babel?",Frustrar sus propósitos mediante la confusión de idiomas.,Aprobar el proyecto humano y bendecirlo sin condiciones.,Eliminar toda diferencia cultural y unificar las lenguas para siempre.,A
2,23,"Aunque en Babel parece haber solo juicio, el capítulo señala que el relato continúa con:","la genealogía de Sem que conduce al llamamiento de Abraham, inicio de un plan de salvación.",la instauración inmediata del reino de David.,la llegada del Mesías en Génesis 11.,A
2,24,"Según el capítulo, la promesa implícita en Gn 3:14-15 incluye que el problema sería resuelto:","desde dentro de la raza humana, por la “semilla” o descendencia de la mujer.",únicamente por intervención directa de animales del huerto.,por la sabiduría humana acumulada sin necesidad de redención.,A
2,25,"De acuerdo con el capítulo, ¿qué describe mejor el alcance del plan de salvación y restauración de Dios?","No solo trata individuos, sino toda la creación donde Dios nos ha colocado.","Se limita a asuntos privados, sin relación con la creación.",Apunta solo a mejorar conductas humanas sin restaurar relaciones con Dios.,A
3,1,"Según la introducción de la unidad, ¿qué pregunta guía el estudio del capítulo 3?",Por qué Israel ocupa un lugar tan importante dentro del mensaje bíblico y los propósitos misericordiosos de Dios.,Cómo se organizó el canon del Nuevo Testamento y sus divisiones.,Cuál fue la fecha exacta de redacción de cada libro del Pentateuco.,A
3,2,"De acuerdo a la unidad, el llamamiento de Abraham (Gn 12:1-3) se presenta como el medio de Dios para:",Anular la maldición que cayó sobre la humanidad por el pecado y restaurar la bendición.,Establecer un imperio político para dominar a las naciones vecinas.,Reemplazar por completo la creación material por una realidad puramente espiritual.,A
3,3,¿Qué idea conecta explícitamente Gn 12:1-3 con Gn 1–2 según el texto?,Que las palabras a Abraham reafirman los buenos propósitos originales de Dios para la humanidad.,Que Abraham fue creado el sexto día como corona de la creación.,Que el huerto del Edén fue construido por Moisés en el desierto.,A
3,4,"En la unidad, ¿qué episodio se usa como ejemplo fuerte de la ruina de la sociedad humana por excluir a Dios de la comunidad?",El diluvio (Gn 6–9).,La torre de Babel (Gn 11:1-9).,La venta de José (Gn 37).,B
3,5,El buen propósito de Dios en Gn 1:28 se resume principalmente como:,Hacer un templo de piedra y establecer sacrificios.,"Fructificar, multiplicarse, llenar la tierra y sojuzgarla bajo la voluntad de Dios.",Separar a la humanidad en grupos irreconciliables para evitar el pecado.,B
3,6,La promesa de hacer de Abraham “una gran nación” se relaciona con la maldición porque:,Responde al rompimiento y división de relaciones humanas resultantes del pecado.,Garantiza que Israel nunca sufrirá opresión en su historia.,Anula la necesidad de obediencia y santidad del pueblo.,A
3,7,"Cuando Dios le dice a Abraham: “Vete de tu tierra… a la tierra que te mostraré” (Gn 12:1), la unidad enfatiza que la promesa apunta a:",Un lugar donde se pueda disfrutar nuevamente la vida de bendición bajo Dios.,Un territorio para expandir comercio marítimo a gran escala.,Un desierto para probar que la tierra no es importante en el plan de Dios.,A
3,8,"Según la unidad, la ‘tierra’ se asocia con bendición porque:",Fue el símbolo de la superioridad militar de Israel.,Era el lugar donde la humanidad viviría con la bendición de Dios (Gn 1:28) en armonía con su medio (Gn 2:15-16).,Representa únicamente una metáfora sin referencia histórica.,B
3,9,¿Cuál es la relación que la unidad traza entre Gn 3 y la tierra/bendición?,Gn 3 describe el rompimiento de la armonía entre el hombre y su medio (Gn 3:17-19).,Gn 3 elimina toda posibilidad de bendición futura y deja a Dios sin propósito.,Gn 3 muestra que la tierra se vuelve irrelevante en el resto de la Biblia.,A
3,10,La unidad menciona una “patria mejor” (Heb 11:16) para indicar que:,La bendición plena apunta a una meta futura a la que se dirige toda la historia bíblica.,La promesa a Abraham se cumplió completamente en Egipto.,La fe bíblica consiste en abandonar toda esperanza de restauración.,A
3,11,Génesis 12–50 se describe principalmente como la historia de:,"Moisés, Josué y los jueces.","Abraham, Isaac, Jacob y los hijos de Jacob (incluyendo a José).","Saúl, David y Salomón.",B
3,12,"¿Qué hecho marca el origen del nombre de la nación, según el texto?",Dios llamó a Jacob “Israel” (Gn 32:28).,Abraham cambió su nombre a Israel al salir de Ur.,José fue llamado Israel por el faraón.,A
3,13,Los doce hijos de Jacob se presentan como:,Los autores de los profetas posteriores.,Los ancestros de las doce tribus que constituyeron la nación de Israel (Gn 49:28).,Los reyes que gobernaron juntos en Jerusalén.,B
3,14,El relato de Génesis 12–50 enfatiza que Dios dio descendencia a Abraham a pesar de:,"Circunstancias desfavorables y obstáculos, mostrando su fidelidad al juramento.",La ausencia total de promesas divinas.,La superioridad moral constante de los patriarcas.,A
3,15,¿Con qué situación concluye el libro de Génesis según la unidad?,"La familia de Jacob (Israel) permanece en Egipto, esperando la subida a la tierra prometida.",Las tribus se establecen definitivamente en Jerusalén con un templo construido.,El pueblo entra a Canaán y se divide el reino en norte y sur.,A
3,16,"En Éxodo 1:7, el texto dice que la bendición está activa porque:",Las palabras recuerdan claramente a Gn 1:28 (multiplicación y crecimiento).,El pueblo ya había recibido la monarquía davídica.,Israel ya había construido el tabernáculo.,A
3,17,"Según el resumen de Éxodo presentado, ¿qué orden describe correctamente la narrativa principal?",Israel unido por pacto → Israel esclavizado → Israel redimido → Israel llamado para servir.,Israel esclavizado en Egipto → Israel redimido de Egipto → Israel unido al Señor por un pacto → Israel llamado para servir.,Israel redimido → Israel exiliado → Israel vuelve → Israel esclavizado.,B
3,18,"En la unidad, ‘redención’ (Éx 6:2-8) se entiende como una obra de Dios que incluye, entre otras cosas:","Un propósito previo/promesa, juicios poderosos y un objetivo positivo de relación con Dios.",Solo una mejora económica del pueblo sin referencia a Dios.,Un cambio de liderazgo humano sin intervención divina.,A
3,19,¿Cuál de estos ejemplos se menciona como parte de los “grandes juicios” de Dios en la redención de Egipto?,La construcción del templo de Salomón.,Las diez plagas (Éx 7–12) y la derrota del ejército del faraón en Éx 14.,La división del reino en 1 Reyes 12.,B
3,20,"Según la unidad, la liberación de Egipto no fue un fin en sí mismo porque Dios:",Los sacó para que volvieran a Egipto con mejores condiciones.,Los sacó para que fueran su pueblo y él fuera su Dios (Éx 6:7; cf. Éx 19:4-6).,Los sacó para que evitaran toda ley y toda obligación.,B
3,21,"En Éxodo 19:5, Israel es llamado “mi especial tesoro… porque mía es toda la tierra”. Esto recalca:","Que Israel es especial, pero los propósitos de Dios se extienden más allá de Israel a toda la tierra.",Que Dios solo se interesa por Israel y no por las demás naciones.,Que la tierra prometida es el fin último y definitivo de toda la historia.,A
3,22,¿Cómo resume la unidad la relación entre la ley y la gracia/redención?,La ley es la respuesta adecuada del pueblo a la gracia de Dios; obediencia como respuesta a la redención.,La ley reemplaza la redención porque la gracia no es suficiente.,La ley fue dada para que Israel ganara la redención por méritos propios.,A
3,23,¿Qué frase de Levítico 19:2 se usa para expresar la llamada a la santidad?,"“Santos seréis, porque santo soy yo Jehová vuestro Dios.”",“No tendrás dioses ajenos delante de mí.”,“El justo por la fe vivirá.”,A
3,24,"Según la unidad, ¿cómo se describe el libro de Deuteronomio?","Una serie de discursos de Moisés en Moab, exhortando a recordar y responder correctamente al entrar a la tierra.",Un registro detallado de la construcción del templo en Jerusalén.,Una colección de poemas de David sobre el exilio.,A
3,25,"En Deuteronomio 30:15-20, los discursos culminan con:","Una invitación a escoger entre dos posibilidades (vida/obediencia vs. muerte/ruina), destacando la seriedad de la respuesta.",Un mandato de abandonar la tierra prometida para siempre.,Una promesa de que Israel nunca fallará ni será infiel.,A
3,26,La unidad cita Romanos 5:8 para enfatizar que:,"Dios redimió a Israel cuando aún eran pecadores, mostrando su iniciativa y gracia.",La redención solo ocurre después de que el pueblo alcance perfección moral.,La historia de Israel es un ejemplo de autosalvación humana.,A
3,27,"¿Dónde se registra la muerte de Moisés, según el texto?",En Éxodo 40.,En Números 22.,En Deuteronomio 34.,C
4,1,"Según la unidad, ¿por qué Palestina tuvo un papel importante en la historia política del mundo antiguo?",Porque estaba aislada por desiertos y mares y casi no tenía contacto con otras naciones.,"Porque estaba ubicada entre grandes civilizaciones (Nilo al sur y Tigris/Eufrates al norte), en una ruta comercial clave.",Porque era el centro del imperio romano durante toda la historia del Antiguo Testamento.,B
4,2,¿Qué “super potencias” (según el texto) se sentían ansiosas de controlar la ruta comercial que pasaba por la región?,Egipto por el sur; Asiria y Babilonia por el norte.,Grecia por el oeste; Persia por el este.,Roma por el sur; Fenicia por el norte.,A
4,3,"¿Cuál es el área aproximada que llegó a ocupar la tierra de las tribus de Israel, según el documento?",25.600 km² aproximadamente.,2.560 km² aproximadamente.,256.000 km² aproximadamente.,A
4,4,¿Cuáles son las tres características geográficas principales de norte a sur que se mencionan para Palestina?,"La planicie costera, las montañas y el valle del Jordán.","El desierto del Sahara, los Alpes y el río Danubio.","Las pampas, la cordillera de los Andes y el río Amazonas.",A
4,5,"Según el texto, ¿en qué meses se concentran las precipitaciones más abundantes del invierno en Palestina?",De diciembre a marzo.,De junio a septiembre.,De agosto a noviembre.,A
4,6,"¿Qué se afirma sobre el cambio climático de Palestina desde los tiempos bíblicos, según la evidencia arqueológica citada?",Que el clima ha cambiado drásticamente y ya no se parece al de la época bíblica.,Que no ha cambiado significativamente desde los tiempos bíblicos.,"Que antes no existía estación lluviosa, y ahora sí.",B
4,7,"Según Deuteronomio 11:10-12 (explicado en la unidad), ¿cuál es el contraste principal entre Egipto y Palestina respecto al riego y la fertilidad?","Egipto dependía de la lluvia, y Palestina del Nilo para regar.",Egipto regaba con las aguas del Nilo; Palestina dependía de la lluvia y no tenía agua para riego.,Ambas dependían de canales artificiales construidos por Israel.,B
4,8,"En el sentido del pasaje explicado, ¿por qué se dice que Palestina era “la tierra de Dios”?","Porque la fertilidad dependía de la lluvia, por lo que era una tierra cuidada por Dios y no por el hombre.",Porque Israel inventó un sistema de irrigación más avanzado que el de Egipto.,Porque no existían enemigos ni guerras en esa región.,A
4,9,"¿Cómo se describe la tierra en Deuteronomio (según el texto) para expresar su “bondad”, más allá de una descripción literal?","Como una tierra estéril y pedregosa, sin recursos.","Como una tierra “que fluye leche y miel”, con lenguaje exagerado para resaltar la bendición de Dios.","Como una tierra sin montañas ni valles, totalmente plana.",B
4,10,"Según la unidad, ¿qué recuerda la “buena tierra” (Deuteronomio 8:7-10) respecto al propósito de Dios?",Recuerda el huerto del Edén como lugar de bendición.,Recuerda la torre de Babel como símbolo de unidad humana.,Recuerda Sodoma y Gomorra como ejemplo de prosperidad permanente.,A
4,11,"En Deuteronomio, ¿qué idea se enfatiza al recordar que la tierra fue prometida a Abraham, Isaac y Jacob?",Que Israel entraría por su propia justicia y méritos.,Que Israel entraría porque Dios es fiel y cumple su promesa.,Que Israel entraría por tener el ejército más fuerte de la región.,B
4,12,"Según la sección “El regalo de Dios”, ¿cómo se recalca que la tierra no era ganada por Israel?",Se insiste en que Dios “da” la tierra y la entrega “por heredad”.,Se afirma que Israel la compró a las naciones vecinas con oro y plata.,Se enseña que solo los sacerdotes podían poseerla.,A
4,13,"En la sección “El lugar de la bendición”, ¿qué ejemplos se dan para ilustrar una bendición descrita en términos absolutos?",Que habría mendigos por todas partes y escasez constante.,Que no habría mendigos y que los graneros nunca estarían vacíos.,Que el pueblo viviría sin leyes ni mandamientos.,B
4,14,"¿Con qué concepto se resume la vida de bendición en la tierra prometida, según el texto?",Con la idea de “reposo”.,Con la idea de “exilio”.,Con la idea de “confusión”.,A
4,15,"Según la unidad, ¿qué “sorpresa” aparece junto con el énfasis en la tierra como regalo?",Que la tierra se presenta también como el lugar de obediencia a la ley de Dios para vivir y poseerla.,Que la tierra debía ser abandonada inmediatamente después de entrar.,Que la obediencia ya no tenía importancia en absoluto.,A
4,16,"Según la sección “La otra posibilidad” (Dt 30:15-20), ¿qué representa el “camino” de vida?",Vivir según la propia sabiduría sin escuchar a Dios.,"Amar al Señor, escuchar su voz y seguir sus mandamientos.",Buscar alianzas militares y depender de otros pueblos.,B
4,17,"Según esa misma sección, ¿qué consecuencia se asocia al “camino” de muerte?",Que el pueblo viviría largos días en la tierra sin importar su conducta.,Que serían desarraigados y no vivirían largos días en la tierra.,Que recibirían más prosperidad y seguridad.,B
4,18,¿Qué hecho marca el inicio del liderazgo de Josué en el establecimiento de la tierra prometida?,La muerte de Moisés y el llamado de Dios a Josué para guiar al pueblo.,La construcción del templo en Jerusalén.,La división del reino entre Israel y Judá.,A
4,19,"En la sección sobre Josué, ¿qué se enfatiza respecto a la conquista de la tierra?",Que fue principalmente un logro militar humano por estrategias superiores.,Que fue una conquista divina: Dios cumple sus promesas y da la tierra.,Que fue una derrota total de Israel en todas las campañas.,B
4,20,"Según Josué 21:43-45 citado en la unidad, ¿qué afirma el texto sobre las promesas de Dios?",Que muchas promesas fallaron por falta de poder.,Que no faltó palabra de todas las buenas promesas: todas se cumplieron.,"Que solo se cumplieron promesas menores, no las principales.",B
4,21,¿Qué instrucción clave se destaca en Josué 1:8 respecto a “el libro de la ley”?,Que debía guardarse en secreto y no hablarse de él.,Que no debía apartarse de la boca; debía meditarse día y noche para hacer conforme a todo lo escrito.,Que debía leerse solo una vez al año en una ceremonia.,B
4,22,"En Jueces 2:11-13 (según la unidad), ¿cuál fue el pecado central del pueblo en la tierra?","Sirvieron a Baal y Astarot, dejando al Señor.",Construyeron el arca del pacto por primera vez.,Tradujeron la ley a otro idioma por razones políticas.,B
4,23,"Según Jueces 2:14-16 explicado en el texto, ¿cómo se describe la respuesta de Dios y su gracia en ese periodo?",Dios ignora el pecado; no hay consecuencias ni intervención.,"Dios entrega al pueblo en manos de sus enemigos, y luego levanta jueces para librarlos.",Dios prohíbe cualquier liderazgo humano y deja al pueblo sin guía.,A
4,24,¿Cuál de las siguientes listas corresponde a los seis jueces mencionados en la unidad?,"Otoniel, Aod, Débora, Gedeón, Jefté, Sansón.","Abraham, Isaac, Jacob, Moisés, Aarón, Josué.","Saúl, David, Salomón, Roboam, Jeroboam, Ezequías.",B
4,25,"Según la unidad, ¿cómo se describe el “comienzo” de la monarquía en Israel?","Como una institución introducida por concesión a pecaminosas peticiones del pueblo, tras ignorar la advertencia de Samuel.","Como un mandato inmediato y perfecto del pueblo, sin advertencias ni riesgos.",Como una decisión tomada por reyes extranjeros para controlar a Israel.,A
5,1,"Después de la muerte de Saúl, ¿qué tribu fue la primera en designar a David como rey (2 Samuel 2:4)?",Efraín,Judá,Benjamín,B
5,2,"Según la unidad, ¿por qué Jerusalén se transformó en la “Ciudad de David” y ciudad real de toda Israel (2 Samuel 5:6-9)?",Porque era la ciudad más grande de Judá desde siempre.,Porque fue conquistada por la tribu de Benjamín y luego entregada a David.,Porque no era propiedad de ninguna tribu (aún no había sido tomada por Israel) y se volvió capital “neutral” para todo el pueblo.,C
5,3,"Al leer 2 Samuel 5:12, ¿qué entendió David sobre el origen y propósito de su reinado?",Que Jehová lo había confirmado como rey y había engrandecido su reino por amor a Israel.,Que su éxito dependía únicamente de su estrategia militar y alianzas.,Que el reino debía enfocarse primero en la expansión comercial y no en el pueblo.,A
5,4,"Al llevar el arca del pacto a Jerusalén (2 Samuel 6), ¿qué aspecto del reinado de David se subraya en la unidad?",Que David estableció un reinado absoluto donde nadie más tenía autoridad.,Que el reinado fue un obsequio de Dios y que el verdadero Rey de Jerusalén era Jehová.,Que el arca era solo un símbolo cultural sin relación con la presencia de Dios.,B
5,5,"Según el recuadro “¿Sabías tú que...?”, ¿de qué madera estaba hecha el arca del pacto?",Acacia,Cedro del Líbano,Olivo,A
5,6,"En 2 Samuel 7:2, ¿qué quería hacer David para el arca (antes de recibir la palabra de Natán)?",Trasladarla a Hebrón para evitar conflictos en Jerusalén.,Dejarla permanentemente en el desierto como recordatorio del éxodo.,"Construir una “casa” para el arca, comparable a su palacio.",C
5,7,"Según 2 Samuel 7:10-11, ¿qué prometió Dios respecto a la situación del pueblo en la tierra?",Que Israel no tendría necesidad de reyes humanos nunca más.,Que el pueblo viviría en un “lugar” con paz y “descanso”.,Que el pueblo debía volver a Egipto para consolidar su identidad.,B
5,8,"Según 2 Samuel 7:13-14, ¿qué se afirma sobre el templo y la relación de Dios con el descendiente de David?",El hijo de David construiría el templo y Dios tendría con él una relación de padre con hijo.,David mismo construiría el templo y Natán sería el sumo sacerdote permanente.,El templo se construiría en Samaria como símbolo de unidad nacional.,A
5,9,"¿Qué rasgo clave se enfatiza de la promesa a David en 2 Samuel 7:16, según la unidad?",Que duraría solo durante la vida de David.,Que dependía totalmente del poder militar de Israel.,Que el trono del linaje de David sería establecido “para siempre”.,C
5,10,"En el Salmo 2 (mencionado en la unidad), ¿cómo se presenta al rey de Jerusalén en relación con las promesas de Dios?",Como un sacerdote levita sin autoridad política.,"Como el Hijo/ungido de Dios, destinado a reinar con autoridad incluso sobre las naciones.",Como un juez temporal elegido solo para tiempos de crisis.,B
5,11,¿Qué relato se usa para mostrar el carácter pecaminoso de David y su indignidad frente a las promesas recibidas?,La historia de David y Betsabé (2 Samuel 11–12).,La travesía de Israel por el Mar Rojo (Éxodo 14).,La construcción del tabernáculo en el desierto (Éxodo 25–31).,A
5,12,"En 1 Reyes 3, ¿qué pidió Salomón a Dios al comenzar a reinar, según la unidad?",Riquezas inmediatas y fama internacional.,Larga vida por encima de todos sus enemigos.,Sabiduría/entendimiento para gobernar con justicia.,C
5,13,"Según la unidad, ¿cuál fue el logro más importante del reinado de Salomón?",La construcción del templo en Jerusalén (1 Reyes 6–8).,La conquista de Jericó por segunda vez.,El regreso del exilio babilónico.,A
5,14,"Según la síntesis de 1 Reyes 8 (oración de Salomón), ¿cuál afirmación resume mejor el significado del templo?","El templo garantizaba automáticamente la bendición, aunque el pueblo desobedeciera.",El templo se construyó en cumplimiento de promesas; es símbolo de la presencia de Dios y lugar de oración y perdón.,El templo reemplazó por completo la necesidad de escuchar la palabra de Dios.,B
5,15,"¿Qué “vestigio” del propósito global de Dios se ve en 1 Reyes 8:41-43, según la unidad?",Que Israel debía aislarse de todas las naciones para siempre.,Que solo los israelitas podrían acercarse a Dios en el templo.,Que desde el templo se divulgaría el conocimiento de Dios a todos los pueblos de la tierra.,C
5,16,¿Qué episodio se menciona como evidencia de la gloria del reino de Salomón ante otras naciones?,La expulsión de los filisteos de Canaán por Josué.,La construcción de los muros de Jerusalén por Nehemías.,La visita de la reina de Sabá (1 Reyes 10).,C
5,17,"Según 1 Reyes 11 y la unidad, ¿cuál fue la razón fundamental de la ira de Dios con Salomón?","Su corazón se desvió tras otros dioses, influido por sus mujeres extranjeras.",Se negó a construir el templo y destruyó el arca del pacto.,Rechazó por completo la sabiduría y prohibió la ley.,A
5,18,"Según la unidad, ¿cómo mitigó Dios su juicio sobre Salomón y su casa?",Eliminó de inmediato toda la dinastía de David sin excepción.,Anuló las promesas hechas a David por causa del pecado de Salomón.,No abandonó por completo a Jerusalén ni a la casa de David (por amor a David).,C
5,19,"Después de la muerte de Salomón (1 Reyes 12), ¿qué combinación corresponde al reparto del reino?",Jeroboam quedó con Judá; Roboam quedó con Israel.,Roboam quedó como rey de Judá; Jeroboam fue rey del resto de Israel.,Saúl volvió a reinar en Israel; David quedó solo con Jerusalén.,B
5,20,"¿En qué consistió el “pecado de Jeroboam” (1 Reyes 12:25-33), según la unidad?",Erigió ídolos en Betel y Dan para ofrecer una alternativa al templo de Jerusalén.,Ordenó destruir el templo y trasladar el sacerdocio a Babilonia.,Prohibió toda adoración en Israel por motivos de pureza.,A
5,21,"Según la unidad, ¿por qué los profetas son figuras centrales en 1 y 2 de Reyes?",Porque reemplazan a los reyes y gobiernan políticamente el país.,Porque el curso de la historia se entiende a la luz de la palabra de Dios que ellos anuncian.,Porque escriben la mayor parte de los salmos usados en la coronación.,B
5,22,"Según 2 Reyes 17:13 (mencionado en la unidad), ¿cuál era la función básica de los profetas?",Decorar el templo y dirigir los sacrificios diarios como sacerdotes.,Seleccionar reyes por votación popular en cada generación.,Advertir y llamar al pueblo a volver a Dios y obedecer sus mandamientos.,C
5,23,"Según la unidad, ¿qué sintetiza mejor el mensaje de Amós al reino del norte?","Un anuncio de juicio y “fin” para Israel, aunque con esperanza ligada a las promesas a David (Am 8:2; 9:11-15).",Un llamado a abandonar la ley de Dios por ser demasiado estricta.,Una invitación a trasladar el templo a Dan y Betel.,A
5,24,"Según la unidad, ¿qué destaca Oseas (por ejemplo en Oseas 11) sobre la relación de Dios con Israel?",Solo condenación sin posibilidad de restauración.,"El amor de Dios despreciado por el pueblo, con juicio real, pero sin que sea el fin definitivo.","Que Israel nunca pecó realmente, solo fue incomprendido por los profetas.",B
5,25,"Según 2 Reyes 23:26-27 (mencionado en la unidad), ¿por qué las reformas de Josías no evitaron el juicio final sobre Judá?",Porque no pudieron eliminar la culpa acumulada por la maldad de Manasés.,Porque Josías fue peor que Manasés y provocó mayor idolatría.,"Porque Judá fue juzgada solo por razones económicas y militares, no espirituales.",A
6,1,"Según la Unidad 6, ¿qué pregunta surge tras el fracaso de Israel descrito en la unidad anterior?",¿Cambiaría Dios de idea?,¿Qué idioma hablaban originalmente los patriarcas?,¿Cuántos años exactos duró la construcción del templo de Salomón?,A
6,2,"En la Unidad 6, el exilio se presenta como juicio porque el pueblo:",Nunca recibió un pacto de parte de Dios.,Quebrantó repetidas veces el pacto y debía ser excluido de la tierra y de la bendición.,"Fue demasiado débil militarmente para defenderse, sin relación con su obediencia.",B
6,3,¿Qué advertencia del Pentateuco se menciona como marco para entender la exclusión de la tierra?,Deuteronomio 28:58-68.,Génesis 1:1-3.,Salmo 23:1-6.,A
6,4,"Según la unidad, ¿qué se realza especialmente en esta época respecto a los líderes de Israel?",El éxito perfecto de los reyes en guiar al pueblo.,El fracaso de los reyes en conducir al pueblo por los caminos de Dios.,La ausencia total de reyes en Jerusalén desde David.,B
6,5,"En el ‘patrón de la restauración’, ¿qué propósito tendría el exilio para el pueblo?",Que Dios pudiera darles un corazón para conocerlo.,Que aprendieran nuevas técnicas agrícolas de Babilonia.,Que dejaran de ser pueblo y se disolvieran entre las naciones.,A
6,6,"Según la unidad, cuando los profetas hablan de la renovación del propósito de Dios, lo hacen:","Con ideas totalmente nuevas, sin relación con la historia de Israel.",En términos de un regreso a las estructuras del reino reveladas desde el éxodo hasta Salomón.,Solo con profecías numéricas sobre fechas y calendarios.,B
6,7,"¿Cuál es la “gran diferencia” de la historia futura respecto del pasado, según el texto citado?",Que ninguna de las debilidades del pasado estará presente y el pecado será erradicado.,Que Israel regresará a Egipto para repetir literalmente el éxodo.,Que la ley de Dios será abolida para siempre en toda circunstancia.,A
6,8,"Según la Unidad 6, como resultado del proceso de renovación:",Los gentiles serían atraídos para compartir las bendiciones prometidas a Israel.,Las naciones serían excluidas para siempre de toda bendición.,Israel dejaría de tener cualquier rol en el plan de Dios.,A
6,9,"En el ‘nuevo éxodo’ (Is 40:1-11), el primer elemento destacado es:",La conquista militar de Babilonia por Israel.,La liberación del cautiverio del pueblo de Dios en Babilonia.,La construcción inmediata del templo en Jerusalén antes del regreso.,B
6,10,"En el nuevo éxodo, ¿cómo se describe el viaje desde Babilonia a Palestina?","Como una repetición del éxodo desde Egipto bajo la dirección de Moisés, como si fuera un sendero a través del mar.",Como un viaje marítimo comercial organizado por Fenicia.,Como una migración sin intervención de Dios.,A
6,11,"Según la Unidad 6, el ‘camino en el desierto’ enfatiza que:",Dios formará un camino y proveerá milagrosamente lo necesario durante el recorrido.,El desierto no aparece en ninguna profecía de restauración.,El pueblo deberá depender únicamente de sus recursos sin ayuda divina.,A
6,12,¿Qué resultado menciona la unidad sobre este gran acto de redención respecto a Dios?,Solo Israel lo notará; las naciones no verán nada.,Dios será glorificado por su pueblo y por las naciones que ven la redención.,La redención disminuirá la gloria de Dios para evitar orgullo humano.,B
6,13,"En Isaías 42–53, la figura llamada ‘mi siervo’ se presenta a veces como:",Un ángel sin relación con Israel.,"Israel mismo, y otras veces como una persona elegida por Dios para rescatar al remanente.",El faraón de Egipto como símbolo de poder.,B
6,14,"Según Isaías 45:1-7 citado, ¿a quién usaría Dios de manera extraña para hacer regresar a su pueblo a Palestina?","A Ciro, rey de Persia, aunque él no reconozca a Dios.","A Nabucodonosor, rey de Babilonia, como salvador final.","A Herodes, rey de Judea, para restaurar el templo.",A
6,15,¿Por qué la obra del Siervo va más allá de lo que pudiera hacer Ciro?,Porque el Siervo solucionará el problema del pecado del pueblo de Dios.,Porque el Siervo construirá un imperio político mundial.,Porque el Siervo reemplazará la necesidad de perdón.,A
6,16,¿Qué aspecto del Siervo se presenta como un misterio decisivo en Isaías 53?,Que morirá para llevar a cabo su obra.,Que nunca sufrirá ni enfrentará oposición.,Que será coronado en Babilonia como rey persa.,A
6,17,"Según la unidad, el ‘nuevo pacto’ (Jer 31:31-34) hace posible que el pueblo:",Obedezca por fuerza externa sin transformación interna.,"Tenga un nuevo corazón y un nuevo espíritu, con el Espíritu de Dios en ellos para andar en sus caminos.",Abandone totalmente la ley de Moisés como irrelevante.,B
6,18,La base de esta renovación interna incluye la promesa:,"“Perdonaré la maldad de ellos, y no me acordaré más de su pecado”.",“Nunca más habrá necesidad de arrepentimiento”.,“La idolatría será aprobada para unir a las naciones”.,A
6,19,"En la sección ‘un nuevo rey’ (Is 11:1-12), el rey prometido es descrito como:","Una vara del tronco de Isaí, ungida con el Espíritu de Dios para regir con sabiduría y justicia.",Un sucesor de Ciro elegido por estrategia militar.,Un sacerdote levita que reemplazará por completo la casa de David.,A
6,20,"Según la unidad, el dominio de este rey produciría:",Una armonía semejante al huerto del Edén.,Una expansión del exilio hacia más territorios.,Una separación definitiva entre creación y humanidad.,A
6,21,"La unidad enseña que Dios es el verdadero pastor de su pueblo, pero expresará su dominio por medio de:",Un nuevo rey descendiente de David que pastoree al pueblo.,Una alianza permanente con Babilonia.,La eliminación de todo liderazgo en Israel.,A
6,22,"Según la unidad, la esperanza de los profetas era que Dios restableciera el pacto a través de alguien que:",Reflejara el carácter y gobierno de Dios.,Fuera elegido solo por apariencia y prestigio humano.,No tuviera relación con la línea de David.,A
6,23,¿Qué significa el nombre ‘Emanuel’ y qué indica en relación al hijo prometido de David (Is 7:13-14)?,Significa ‘Dios está con nosotros’ e indica una garantía de la presencia permanente de Dios y continuidad del pacto.,Significa ‘Dios nos abandona’ e indica el fin definitivo del pacto.,Significa ‘Dios es lejano’ e indica que Dios no habitará con su pueblo.,A
6,24,"Según la unidad, ¿cuál de estas afirmaciones resume mejor cómo los gentiles participarían de la salvación?",Serían atraídos para compartir la bendición: el Siervo sería luz a las naciones y las naciones vendrían a Sión/Jerusalén.,Serían excluidos para siempre por no pertenecer a Israel.,Solo podrían participar adoptando primero la ciudadanía persa.,A
6,25,"Después del exilio (a partir de 538 a. C.), ¿qué describe la unidad como una realidad histórica y su evaluación teológica?","Los exiliados regresan, reconstruyen con oposición y estímulo profético; aun así, el cumplimiento es solo una sombra y se espera más.",No hubo regreso ni reconstrucción; todo terminó definitivamente en Babilonia.,El retorno trajo inmediatamente la plenitud final sin necesidad de esperar nada más.,A
7,1,¿A quién dirige Lucas su obra al inicio del Evangelio (Lc 1:1-4)?,A Teófilo.,A Tito.,A Timoteo.,A
7,2,"Según la unidad, ¿qué característica distingue a Lucas entre los escritores del NT?",Solo escribió cartas y no narraciones.,Relata con extensión semejante la historia del Jesús terrenal y la actividad del Señor resucitado en/por los discípulos.,Es el único que no menciona el reino de Dios.,B
7,3,"Según la unidad, ¿por qué el libro de Hechos es tan importante para entender el NT?",Porque reemplaza los Evangelios.,Porque abarca el periodo en que se escribió el resto del NT y sin él sabríamos poco del apóstol Pablo.,Porque fue escrito antes del Antiguo Testamento.,B
7,4,"En Lc 1:1-4, Lucas declara que su intención es presentar:","Un relato ordenado y bien documentado del ministerio de Jesús, basado en testigos oculares y ministros de la palabra.",Una colección de proverbios sin orden.,Un resumen breve sin referencias a fuentes.,A
7,5,"Según la unidad, la repentina aparición de anuncios proféticos (María, Zacarías, Simeón) y mensajes de ángeles en Lc 1–2 anuncian:",La llegada de la era del Mesías.,El fin definitivo de toda promesa.,El inicio del exilio en Babilonia.,A
7,6,"En las narraciones de la infancia, Jesús es presentado como:",Un líder político elegido por Roma.,El rey prometido del linaje de David y “Cristo el Señor”.,Un profeta menor sin relación con David.,B
7,7,"Según la unidad, los israelitas devotos que buscaban la “consolación” o “redención” de Israel (Lc 2:25,38) reflejan que:",Esperaban que el exilio terminara.,Creían que ya no existía pecado.,Rechazaban toda esperanza de salvación.,A
7,8,La venida de Jesús significaba salvación y gloria para Israel y también:,"“Luz para revelación a los gentiles”, cumpliendo profecías como Isaías 49:5-6.",Solo beneficio para una élite religiosa.,La desaparición total de las naciones.,A
7,9,"Cuando Lucas dice que “vino la palabra de Dios” a Juan en el desierto (Lc 3:2), la unidad señala que esto indica:",Un llamado profético similar al de los profetas del AT.,Un mensaje filosófico sin relación con el AT.,Un hecho simbólico sin contenido histórico.,A
7,10,"Según la unidad, el ministerio de Juan el Bautista fue único porque se le llamó a:","Hacer preparativos para la última venida de Dios en juicio y salvación, cumpliendo Isaías 40:3-5.",Fundar un imperio militar en Judea.,Sustituir a Jesús en el plan de Dios.,A
7,11,Juan predicó “bautismo del arrepentimiento para perdón de pecados” ofreciendo la oportunidad de huir de:,La “ira venidera”.,La pobreza material exclusivamente.,La persecución romana únicamente.,A
7,12,Juan anunció que vendría uno que bautizaría:,Solo con agua.,“En Espíritu Santo y fuego”.,Con aceite y vino.,B
7,13,"Según el texto, las valientes predicaciones de Juan lo llevaron a ser:",Corregado con riquezas y honor.,Encarcelado por Herodes.,Coronado como rey en Jerusalén.,B
7,14,La genealogía de Lc 3:23-38 relaciona a Jesús con Adán y enfatiza:,"Su importancia universal para toda la raza humana, no solo para la semilla de Abraham.",Que Jesús no tiene conexión con la historia humana.,Que el mensaje de Jesús es solo para Galilea.,A
7,15,"Según la unidad, el mensaje acerca de Jesús y lo que logró debe anunciarse:",Solo dentro de Israel.,"En todas las naciones, comenzando desde Jerusalén (Lc 24:47).","Solo en Babilonia, comenzando desde el desierto.",B
7,16,El relato de las tentaciones (Lc 4:1-13) muestra que Jesús vino para:,Derrotar al diablo y a todo poder que esclavizara al pueblo de Dios.,Evitar toda confrontación espiritual.,Enseñar que el pecado no existe.,A
7,17,"Según el texto, cuando Jesús expulsa demonios declara que:","“Si por el dedo de Dios echo yo fuera los demonios, ciertamente el reino de Dios ha llegado a vosotros” (Lc 11:20).",El reino de Dios está cancelado.,Los milagros no tienen relación con el reino.,A
7,18,"Después de la tentación, Jesús regresó a Galilea:",En el poder del Espíritu (Lc 4:14).,Sin el Espíritu y sin mensaje.,Para abandonar su misión.,A
7,19,"En Nazaret, Jesús leyó Isaías 61:1-2 y afirmó:",“Hoy se ha cumplido esta Escritura delante de vosotros”.,“Esta Escritura no se cumplirá jamás”.,“Esta Escritura es solo para el pasado”.,A
7,20,"Según la unidad, en su contexto original Isaías 61 se dirigía a exiliados en Babilonia (“los pobres”), pero aplicado al tiempo de Jesús significa que el Siervo vino a proclamar libertad a los oprimidos por:",Los efectos del pecado y del poder de Satanás.,La falta de agricultura y comercio.,El exceso de leyes civiles.,A
7,21,La unidad señala que la prioridad de Jesús era:,Predicar el reino de Dios (Lc 4:42-44).,Formar un ejército.,Evitar hablar del reino.,A
7,22,"Jesús resume su ministerio en Lc 7:22 con señales que recuerdan a Isaías, como:",“Los ciegos ven… los muertos son resucitados… a los pobres es anunciado el evangelio”.,“Los mares se secan… las montañas desaparecen…”.,“Todos los enemigos mueren al instante”.,A
7,23,"Según la unidad, tras confesar los discípulos que Jesús es “el Cristo de Dios” (Lc 9:20), Jesús enseña:",Que su sufrimiento y muerte no tienen sentido.,"La necesidad de su sufrimiento y su muerte, y llama a los discípulos a compartir el sufrimiento (Lc 9:21-27).",Que el reino ya está consumado plenamente.,B
7,24,"En Lc 2:7–2:8 (según la unidad), la última cena y la pascua enseñan que:",La pascua deja de ser importante para siempre sin relación con Jesús.,La muerte de Jesús es un nuevo acto de redención que inaugura el nuevo pacto (Jer 31:31-34).,La redención ocurre solo por esfuerzo humano.,B
7,25,"Según la unidad, la resurrección y la ascensión de Jesús culminan en una comisión para:","Predicar en su nombre el arrepentimiento y el perdón de pecados en todas las naciones, comenzando desde Jerusalén, con poder del Espíritu.",Permanecer en silencio y no testificar.,Volver inmediatamente a Egipto.,A
8,1,"Según la unidad, ¿qué muestra el libro de Hechos en relación con el propósito de Dios de bendecir a toda la humanidad?",Cómo el evangelio se expande desde Jerusalén hacia las naciones.,Cómo Israel elimina toda influencia extranjera mediante conquistas.,Cómo el Antiguo Testamento reemplaza al Nuevo Testamento.,A
8,2,"Según la unidad, ¿qué frase resume el movimiento del evangelio en Hechos desde Jerusalén hasta Roma?","“Acerca del Señor Jesucristo, abiertamente y sin impedimento”.",“El justo por la fe vivirá”.,“Mi reino no es de este mundo”.,A
8,3,"¿Qué énfasis destaca Lucas en Hechos, según el texto, frente a las dificultades y oposición?",El triunfo de “la palabra del Señor”.,La superioridad militar de las iglesias.,La ausencia total de conflictos en la misión.,A
8,4,La unidad describe Hechos como “una presentación de diapositivas” principalmente porque:,Resume distintos avances del evangelio en secciones y etapas.,Es un libro de poesía y proverbios.,Es un libro sin narrativa ni personajes.,A
8,5,"Según la unidad, la narración de Hechos puede dividirse en cuántas partes principales (secciones) de avance a nuevas fronteras?",6,3,12,A
8,6,¿Qué patrón de testimonio se establece explícitamente en Hechos 1:8?,Jerusalén → Judea → Samaria → lo último de la tierra.,Galilea → Babilonia → Roma → Egipto.,Jerusalén → Atenas → Esparta → Troya.,A
8,7,"En la unidad, ¿qué diferencia cuantitativa se menciona entre Lucas y Hechos respecto a la mención del “reino de Dios”?",En Lucas aparece alrededor de 40 veces y en Hechos unas 8 veces.,En Lucas aparece 8 veces y en Hechos 40 veces.,En ambos aparece exactamente la misma cantidad de veces.,A
8,8,"Según la unidad, la menor frecuencia del “reino” en Hechos significa que el reino fue reemplazado por otro mensaje?","No; el mensaje del reino sigue, pero se expresa en el anuncio de Cristo y sus beneficios.",Sí; el reino fue eliminado y sustituido por moralismo.,Sí; el reino quedó reservado solo para el futuro sin relación con la misión.,A
8,9,"Según el texto, la predicación “del reino” de Pablo (Hch 20:25) incluía también:",“El evangelio de la gracia de Dios” (Hch 20:24).,Un programa de expansión militar.,La abolición total del perdón de pecados.,A
8,10,"En el esquema de un sermón de Pablo (Hch 13:16-41), ¿qué elemento aparece como conclusión sobre Jesús?",Que Jesús es el Salvador prometido de Israel.,Que Jesús es solo un maestro sin relación con las promesas.,Que Jesús anuló la historia del AT.,A
8,11,"Según el sermón de Hch 13 resumido en la unidad, ¿qué demuestra la resurrección de Jesús?",Que es el Hijo prometido (Sal 2) y el descendiente de David que no vuelve a corrupción.,Que la muerte es irreversible para todos sin excepción.,Que las promesas a David fueron canceladas.,A
8,12,"Según la unidad, ¿cuál es “la gran bendición” proclamada por medio de Cristo en Hch 13:38-41?",El perdón de los pecados para quienes creen y se vuelven a Él.,Un territorio político garantizado para Israel.,La eliminación automática de toda oposición humana.,A
8,13,La unidad sostiene que tanto Pedro como Pablo predican el reino porque se centran en:,La majestad real de Jesús (exaltación) y las bendiciones disponibles por su muerte y resurrección.,Un calendario exacto de eventos futuros.,La superioridad cultural judía sobre los gentiles.,A
8,14,"Según la unidad, ¿por qué los discípulos debían esperar en Jerusalén tras la ascensión?",Para recibir la promesa del Padre: el Espíritu Santo.,Porque no podían salir por restricciones romanas permanentes.,Para construir el templo antes de predicar.,A
8,15,La pregunta “¿restaurarás el reino a Israel en este tiempo?” (Hch 1:6) se relaciona con la expectativa de:,"Que el Mesías trajera restauración a Israel, pero Jesús redirige la comprensión hacia la misión con el Espíritu.",Que Israel regresara a Egipto de inmediato.,Que el reino fuera únicamente político y ya completo.,A
8,16,"Según la unidad, la restauración del reino comenzaría cuando los discípulos:",Recibieran al Espíritu Santo y fueran testigos hasta lo último de la tierra.,Formaran un ejército de liberación.,Conquistaran Jerusalén por la fuerza.,A
8,17,"En Pentecostés (Hch 2), el Espíritu Santo es derramado por:","El Cristo exaltado, como se había prometido.",Los líderes religiosos del templo.,El imperio romano como gesto de tolerancia.,A
8,18,"Según la unidad, hablar “en otras lenguas” en Pentecostés funcionó como:",Una señal de que la salvación se comunicaría a diversas naciones/idiomas.,Un reemplazo de la predicación del evangelio.,Una prueba de superioridad intelectual de los apóstoles.,A
8,19,"La unidad enfatiza que lo que llevó a los oyentes a creer no fueron las lenguas, sino:",La predicación que siguió (el sermón de Pedro).,El temor a castigos romanos.,La obligación cultural de asistir a festividades.,A
8,20,"Según la unidad, el sermón de Pedro en Hch 2 interpreta que se cumple:",Joel 2:28-29 (y el anuncio del “día del Señor”).,Génesis 1:1-3 exclusivamente.,Deuteronomio 34 únicamente.,A
8,21,"Según el texto, la salvación se proclama en Hch 2 en el nombre de:","Jesús, presentado como Señor y Cristo.","Moisés, como mediador final.","Ciro, como libertador mesiánico.",A
8,22,"Según la unidad, la recepción del Espíritu en Samaria (Hch 8:14-17) se vincula con:",La unidad entre cristianos samaritanos y los de Judea en una etapa clave del plan de salvación.,La separación definitiva entre Samaria y Judea.,La prohibición de que Samaria reciba el evangelio.,A
8,23,La conversión de Cornelio (Hch 10–11) es clave porque muestra:,La inclusión de gentiles en la salvación mesiánica y el testimonio a “lo último de la tierra”.,El fin de la misión a los gentiles.,Que solo los judíos podían recibir al Espíritu.,A
8,24,"En Hechos 13, desde Antioquía, ¿quiénes son enviados por el Espíritu en el primer viaje misionero a Asia Menor?",Bernabé y Saulo (Pablo).,Pedro y Juan.,Esteban y Felipe.,A
8,25,"Según la unidad, ¿qué suele ocurrir en la misión de Pablo respecto al orden de anuncio del evangelio?","Primero intenta llevar el evangelio a los judíos y luego, frente a oposición, se vuelve a los gentiles.",Solo predica a gentiles y evita sinagogas.,Solo predica en Jerusalén y no sale.,A
9,1,"Según la unidad, ¿hacia dónde se dirige toda la historia bíblica desde Génesis hasta Apocalipsis?",Hacia la restauración total de la creación bajo el gobierno de Dios.,Hacia la desaparición definitiva del mundo material.,Hacia un ciclo infinito sin propósito final.,A
9,2,La unidad afirma que la esperanza cristiana NO consiste principalmente en:,Escapar del mundo para vivir solo en una realidad espiritual.,La resurrección y la renovación de la creación.,La derrota definitiva del mal.,A
9,3,"Según el capítulo, ¿qué relación existe entre la resurrección de Jesús y la nueva creación?",La resurrección de Jesús es el inicio (primicias) de la nueva creación.,No existe ninguna relación entre ambas.,"La resurrección solo afecta a Jesús, no al resto de la creación.",A
9,4,Romanos 8:18-25 es citado para mostrar que la creación:,Gime y espera su liberación junto con los hijos de Dios.,Ya fue completamente destruida por el pecado.,No tiene relación con la redención humana.,A
9,5,"Según la unidad, ¿qué se promete respecto al cuerpo humano en la consumación final?","La resurrección corporal, no solo espiritual.",La eliminación definitiva del cuerpo.,La reencarnación en otra forma de vida.,A
9,6,La unidad enseña que la salvación final incluye:,Personas redimidas viviendo en una creación renovada.,Almas sin cuerpo en un estado eterno sin mundo.,Solo un juicio sin restauración.,A
9,7,"Según Apocalipsis 21–22, ¿qué imagen central describe el futuro definitivo?",Cielos nuevos y tierra nueva.,Un retorno al huerto del Edén sin humanidad.,Una ciudad destruida para siempre.,A
9,8,La Nueva Jerusalén desciende del cielo para indicar que:,Dios viene a habitar con la humanidad en la creación renovada.,La humanidad debe escapar de la tierra.,El cielo reemplaza completamente a la tierra.,A
9,9,"Según el capítulo, ¿qué aspecto clave se restaura plenamente en la nueva creación?",La relación entre Dios y su pueblo.,La autonomía humana sin Dios.,El dominio del mal.,A
9,10,"En Apocalipsis 21:3-4, ¿qué promesa se destaca respecto al sufrimiento?","Dios enjugará toda lágrima y no habrá más muerte, dolor ni clamor.",El sufrimiento será eterno.,El sufrimiento solo afectará a algunos pueblos.,A
9,11,La unidad recalca que el juicio final de Dios tiene como propósito principal:,Eliminar definitivamente el mal y restaurar la justicia.,Castigar sin ningún fin redentor.,Anular todas las promesas previas.,A
9,12,"Según el capítulo, ¿quiénes participan de la herencia de la nueva creación?",Los que están en Cristo.,Solo Israel étnico.,Solo seres espirituales.,A
9,13,La unidad conecta la nueva creación con el reino de Dios mostrando que:,El reino se consuma plenamente en la nueva creación.,El reino termina antes de la consumación.,El reino es solo una metáfora ética.,A
9,14,"Según el texto, la victoria final de Dios incluye:","La derrota de Satanás, la muerte y el pecado.",La convivencia eterna entre el bien y el mal.,La supremacía definitiva de los imperios humanos.,A
9,15,La unidad enfatiza que la esperanza futura motiva al creyente a:,Vivir fielmente en el presente como anticipo de la nueva creación.,Desentenderse del mundo actual.,Postergar toda obediencia hasta el futuro.,A
9,16,"Según el capítulo, ¿qué continuidad existe entre la creación original y la nueva creación?","Dios restaura y renueva, no desecha su creación.",Dios abandona completamente la creación original.,No existe ninguna continuidad entre ambas.,A
9,17,La resurrección final de los creyentes se describe como:,Una transformación gloriosa del cuerpo.,Una liberación definitiva del cuerpo.,Un evento simbólico sin realidad futura.,A
9,18,La unidad subraya que la nueva creación es:,Tanto un don futuro como una esperanza que comienza a vivirse ahora.,Exclusivamente futura sin impacto presente.,Solo una idea poética sin implicaciones reales.,A
9,19,"Según el capítulo, ¿qué rol cumple el Espíritu Santo en relación con la esperanza futura?",Es garantía y anticipo (arras) de la herencia futura.,No tiene ningún rol en la consumación.,Actúa solo en el pasado bíblico.,A
9,20,La unidad señala que la ética cristiana se basa en:,Vivir hoy conforme a la realidad futura prometida por Dios.,Adaptarse completamente a los valores del mundo.,Ignorar toda responsabilidad presente.,A
9,21,"Según Apocalipsis 22, ¿qué imagen reaparece de Génesis para mostrar restauración?",El árbol de la vida.,La torre de Babel.,El diluvio.,A
9,22,La unidad afirma que en la nueva creación:,No habrá más maldición.,La maldición continuará parcialmente.,La creación seguirá sujeta al pecado.,A
9,23,"Según el capítulo, la esperanza cristiana culmina en:",Dios habitando con su pueblo para siempre.,La autosuficiencia humana.,El olvido de la historia de la salvación.,A
9,24,La unidad concluye que la visión bíblica del futuro es:,Profundamente esperanzadora y transformadora para el presente.,Pesimista y sin impacto en la vida actual.,Solo relevante para estudios académicos.,A
9,25,"Finalmente, el capítulo recalca que la nueva creación confirma que:",Dios es fiel y cumple plenamente todas sus promesas.,Las promesas de Dios fueron simbólicas y no literales.,El plan de Dios quedó inconcluso.,A
